z (m),u (m/s),V (1/s),T (K),rho (kg/m3),H2,H,O,O2,OH,H2O,HO2,H2O2,AR
0.0,0.7270085139922353,0.0,300.0,1.3385590540513201,0.15492957746475447,-1.6004220025374502e-17,2.1880657744279499e-16,0.14084507042254085,-3.8874025656953095e-16,-1.872095338627764e-18,-1.755297142302474e-16,2.3265989084713338e-17,0.7042253521127051
0.006,0.7270085139907311,0.0,299.9999999999963,1.338559054054092,0.15492957746290167,-1.3603953404889726e-20,1.6980988388527048e-16,0.1408450704228491,-1.6630303035467843e-18,-3.443691742127582e-16,-4.927315977495308e-16,2.226414266438692e-17,0.7042253521142499
0.012,0.7270085139090463,0.0,300.0000000000026,1.3385590542045454,0.15492957736171745,4.484788684647456e-21,1.3619551141137056e-16,0.14084507043966793,2.0147046933211603e-19,-2.9427412671114417e-16,-3.9389005328199813e-16,2.505901238690698e-17,0.7042253521986153
0.015,0.7270085122263031,0.0,300.00000000026097,1.338559057303778,0.1549295752770093,7.453874732281025e-22,1.1743168099371757e-16,0.14084507078618883,1.1217437546574702e-19,1.1702854064288768e-16,-3.868890858332281e-16,2.2868537407346167e-17,0.704225353936802
0.0165,0.7270084944776112,0.0,300.00000000655166,1.3385590899912416,0.15492955327898464,9.531792364726371e-21,1.7399179876810524e-16,0.1408450744427016,3.4722081886443427e-19,1.3346944396660358e-14,-3.0186603525027843e-16,5.3638664358482523e-17,0.7042253722783005
0.018,0.7270082391043874,0.0,300.0000002129518,1.3385595602864666,0.15492923643158757,4.280532959618613e-20,2.1242451234917613e-15,0.1408451271089359,2.6666163651953707e-18,5.950926538868138e-13,2.0172735800644285e-15,1.042280369083967e-15,0.7042256364588763
0.018749999999999996,0.7270068311772601,0.0,300.00000277865587,1.3385621530214113,0.15492748536645914,7.178724889777415e-19,2.689179320348741e-14,0.14084541816829252,3.747873043339442e-17,1.0274327466354447e-11,4.179066880017548e-14,1.9727420855674675e-14,0.7042270964548856
0.019124999999999996,0.7270026099344523,0.0,300.00001936815613,1.3385699263292372,0.15492220875549895,4.756347605858574e-18,1.8410975488651968e-13,0.14084629522397288,2.5320285164100096e-16,9.323036617945843e-11,4.069388593176878e-13,2.0045788058098522e-13,0.704231495926506
0.019499999999999997,0.7269844272863814,0.0,300.0001679331106,1.338603409159231,0.1548992485397147,4.0327246813636374e-17,1.5478229013460672e-12,0.14085011140874446,2.1371651716752046e-15,1.0689654520622685e-09,5.1320189682753496e-12,2.5929131316879034e-12,0.7042506389733005
0.019874999999999997,0.7269069732046836,0.0,300.00149866385027,1.3387460529446127,0.15479933519898187,3.4969354586344975e-16,1.337063808636388e-11,0.14086671589644337,1.8670414915268894e-14,1.2546999707066284e-08,6.661492688562766e-11,3.426643753227474e-11,0.7043339362433041
0.020062499999999997,0.726776513838096,0.0,300.00613650007847,1.338986375775707,0.15462379372242444,1.46862111269597e-15,5.328709022134546e-11,0.14089587999734743,8.197559586468555e-14,6.462030513113252e-08,3.7537548078314733e-10,1.9548944822985235e-10,0.7044802610356875
0.020249999999999997,0.7264536183415242,0.0,300.0292527513911,1.3395815441165988,0.1541540076660716,8.637290242544241e-15,2.451512197664075e-10,0.1409738732561621,5.719222927505525e-13,3.9704850531098015e-07,2.554314851722084e-09,1.3437045969147843e-09,0.7048717178855098
0.020437499999999997,0.725720951579685,0.0,300.1446960362335,1.340933922148822,0.1528964709901411,9.125621762159845e-14,1.167796062171349e-09,0.14118227684901807,7.917363554649487e-12,2.520181532149472e-06,1.7947986351712894e-08,9.524771145715223e-09,0.7059187033307465
0.020531249999999997,0.7251413687683222,0.0,300.37587047197013,1.342005595720058,0.15147731497594127,7.258551295552203e-13,2.951619720261282e-09,0.1414165417221727,7.09655153774645e-11,7.86856828598153e-06,6.063299891160569e-08,3.238725756146636e-08,0.7070981786900323
0.020578124999999996,0.724917899805012,0.0,300.66569813452696,1.3424191809809032,0.1503225278445021,2.804786469693712e-12,5.122857003107082e-09,0.14160595919497077,2.802083503936585e-10,1.5933996808426445e-05,1.3039545667351056e-07,6.999290462073475e-08,0.7080553731694873
0.020624999999999998,0.7250177510714921,0.0,301.2478380111974,1.3422341081792215,0.14868589124101414,1.0513282451972239e-11,9.374548950510483e-09,0.14187190397955707,1.0541904939886376e-09,3.4820788161177716e-05,3.0552363237856914e-07,1.6489374694396247e-07,0.7094069031346355
0.020671875,0.7259993709184182,0.0,302.4191383989471,1.340418983914156,0.14636909007253146,4.015416903008821e-11,1.7764627135367886e-08,0.14224232421162195,3.9547813777481685e-09,7.89678608066147e-05,7.446331977740445e-07,4.0366296258437105e-07,0.711308447799317
0.020718749999999998,0.7290831208939751,0.0,304.77919907978594,1.3347491067937847,0.14309760071795033,1.593447944563708e-10,3.464154121066726e-08,0.1427508581531212,1.4890439577394477e-08,0.00018175204457744984,1.8446206739505946e-06,1.0001148105647521e-06,0.7139668946575408
0.020742187499999995,0.7323829188546663,0.0,306.8574212082122,1.328735094241384,0.140962963396636,3.667986391732513e-10,5.008737431629076e-08,0.14306966133882434,3.2058740664829165e-08,0.00028376530978942984,3.017693049370996e-06,1.6249401305431198e-06,0.7156788848086566
0.020765624999999996,0.737857572778195,0.0,309.98754661347897,1.3188761455645934,0.13840277561036213,8.740843262101858e-10,7.437015548300449e-08,0.1434344027231517,6.924280174767941e-08,0.00045183321743769064,5.073426389463825e-06,2.697876874233021e-06,0.7177030726587432
0.020789062499999997,0.7466802516990826,0.0,314.69198259544777,1.3032923611521172,0.13534437573604313,2.263329894672881e-09,1.1390861479412405e-07,0.1438406674451981,1.5220165392565257e-07,0.0007267526158355839,8.68127496628161e-06,4.513773281992162e-06,0.7200747407810763
0.020800781249999997,0.7530042941712026,0.0,317.92398121852665,1.292346760297761,0.1335978778019681,4.109478779408041e-09,1.4434364845858753e-07,0.14405431993597304,2.3526930927282772e-07,0.0009284237607409103,1.151943952777861e-05,5.868876328870813e-06,0.7214016064630248
0.020812499999999998,0.7610849752327088,0.0,321.95330087070647,1.278625527428177,0.1316912536051316,7.888755935828768e-09,1.8586602900319856e-07,0.14426938643415105,3.6810553921341874e-07,0.0011915706393030546,1.5431232289281365e-05,7.655917909953391e-06,0.7228241403108909
0.020824218749999998,0.7713433546774122,0.0,326.96434839359154,1.261620668165049,0.12961527108977489,1.6416110476535397e-08,2.4371554223951587e-07,0.14447969563173033,5.848639219410103e-07,0.00153315711031144,2.082159764588851e-05,9.984458289802834e-06,0.724340225116673
0.0208359375,0.7842804389492148,0.0,333.1765878908687,1.240809696278816,0.12736197035790522,3.713408990254008e-08,3.263176343483374e-07,0.1446768740282059,9.469376231249486e-07,0.0019738005239611743,2.8239120623114157e-05,1.2971366919124817e-05,0.7259448342130379
0.020841796875,0.7919816913545381,0.0,336.83259371588775,1.2287440643626921,0.1261656952988899,5.95431041171366e-08,3.821905367340715e-07,0.14476642640166135,1.225317009520853e-06,0.0022408357170586304,3.2983821278882926e-05,1.4754267389024674e-05,0.7267776374430717
0.02084765625,0.8006388566988927,0.0,340.9136114083237,1.2154579068905258,0.12492200221387734,9.58171539256431e-08,4.5094580462294866e-07,0.14484724586199524,1.595737889069763e-06,0.002544746110193416,3.858551613227812e-05,1.675697388614404e-05,0.727628520823068
0.020853515625,0.8103491657009204,0.0,345.4622007479678,1.200893258793243,0.12363057470900735,1.5514227518554094e-07,5.361879038807708e-07,0.1449171979930051,2.09167114482853e-06,0.0028897313240679222,4.517239260714278e-05,1.898946073539305e-05,0.7284955511192533
0.020859375,0.8212153474074622,0.0,350.52337948372764,1.1850032600939497,0.12229132215420066,2.5217859496892174e-07,6.42677461719878e-07,0.14497392044150317,2.759391490218995e-06,0.003280248276958351,5.28760395630597e-05,2.1456246977243855e-05,0.7293765225932505
0.020865234375,0.8333447894209279,0.0,356.1442701023623,1.1677553871320054,0.12090439989803897,4.100218964041156e-07,7.7671522228411e-07,0.14501483238097995,3.662603548731429e-06,0.003720973305085941,6.182152014391892e-05,2.4154389333202114e-05,0.7302689691657505
0.02087109375,0.8468483134529946,0.0,362.3735784006839,1.1491347893009094,0.11947022592018253,6.64395426031559e-07,9.466402417494428e-07,0.14503715496095818,4.888296088730586e-06,0.004216749637649705,7.211264639751589e-05,2.7071371430217196e-05,0.7311701861316254
0.020876953125,0.8618384895956718,0.0,369.26086955143813,1.129147569680007,0.11798949264880361,1.0693899364661718e-06,1.1634617112866646e-06,0.14503794452952307,6.553745055562146e-06,0.004772518838621344,8.381213816122537e-05,3.0183127469205546e-05,0.7320772621207182
0.0208828125,0.8784274162372757,0.0,376.8556087040181,1.1078238022871287,0.11646317270256829,1.7050277993334615e-06,1.4416366560044724e-06,0.14501413951344935,8.814208470075062e-06,0.005393235313784448,9.691750612017064e-05,3.345254489942276e-05,0.7329871215462528
0.0208857421875,0.887366715206075,0.0,380.9381169669511,1.096663601246841,0.11568314360906652,2.1532663336738363e-06,1.61093529111167e-06,0.14499179270982027,1.0244152475339172e-05,0.005729994165110312,0.0001039658125002982,3.5127908774858234e-05,0.7334419674406276
0.020888671875,0.8967592823134369,0.0,385.22096097939556,1.0851772269161841,0.11489211131372773,2.7078995464552304e-06,1.8036856261666463e-06,0.1449618124946475,1.1908462570130903e-05,0.006085391372230443,0.00011132956385013881,3.682313955595501e-05,0.7338961120682456
0.0208916015625,0.9066183771343758,0.0,389.7100187568851,1.0733763468660957,0.11409028489226741,3.3916057104080285e-06,2.023207268571376e-06,0.14492378427652639,1.3841191246168585e-05,0.006460039319863583,0.00011897594176719585,3.852962479557797e-05,0.7343491299405548
0.02089453125,0.9169565534876851,0.0,394.41086735464035,1.0612745889851998,0.1132778901608936,4.230891616900095e-06,2.2732446259800824e-06,0.14487729910175257,1.6079753667217796e-05,0.0068545276088290575,0.0001268635393080517,4.023804391442612e-05,0.7348005976553921
0.0208974609375,0.9277855123947447,0.0,399.3287184480919,1.0488875306264935,0.11245516886239611,5.2565389284780766e-06,2.5580023750684705e-06,0.14482195641826842,1.8664746075425157e-05,0.007269418298295119,0.00013494221480264356,4.1938494238609813e-05,0.7352500964246201
0.020900390625,0.93911595024212,0.0,404.4683515786107,1.0362326600639566,0.11162237771849116,6.504046754731236e-06,2.882179294140895e-06,0.14475736679917467,2.163959712972131e-05,0.007705241091863509,0.00014315328638157964,4.362064466258526e-05,0.7356972146362477
0.0209033203125,0.9509574044979704,0.0,409.8340462990185,1.0233293079821244,0.11077978736222792,8.014057721709236e-06,3.2509995616478865e-06,0.14468315457894104,2.5050026060122836e-05,0.008162488550035688,0.0001514301044384422,4.527391277950672e-05,0.736141550408234
0.020906249999999998,0.9633181003803548,0.0,415.42951448148256,1.010198547918319,0.1099276811617258,9.832751931190302e-06,3.6702403421540525e-06,0.14459896036191341,2.8943287469787104e-05,0.008641611424402014,0.00015969901997315704,4.688765902984157e-05,0.7365827140932126
0.020909179687499994,0.9762048019327313,0.0,421.25783450623726,0.9968630646692939,0.10906635395843414,1.2012191595271865e-05,4.1462552758561395e-06,0.144504443368805,3.336719320954099e-05,0.009143014217745498,0.0001678807429715625,4.845139035283219e-05,0.7370203306816104
0.020912109374999995,0.9896226719356095,0.0,427.32138904841014,0.9833469911237939,0.1081961107368347,1.4610596499373505e-05,4.6859929274694925e-06,0.14439928359822116,3.836891453191196e-05,0.009667051082384344,0.00017589205539422832,4.9954963818383885e-05,0.7374540420593885
0.020915039062499995,1.0035751448069672,0.0,433.62180849644994,0.969675714516963,0.10731726525347172,1.769253018650351e-05,5.297010428671e-06,0.14428318378867402,4.3993585524086644e-05,0.010214022169430468,0.0001836478139660693,5.138878097093269e-05,0.7378835090673477
0.020917968749999995,1.0180638173896333,0.0,440.1599219266683,0.9558756546572933,0.10643013864807012,2.1328976030059813e-05,5.9874824743603105e-06,0.14415587117666914,5.028274769414196e-05,0.010784170538928826,0.00019106314827620641,5.2743963359289944e-05,0.738308413318498
0.020923828124999995,1.0486332538503136,0.0,453.94276097972823,0.9280102197073108,0.10463257388933839,3.048489722626935e-05,7.631480156089019e-06,0.14386714056248032,6.494950689629542e-05,0.011993744647008567,0.0002046284253498898,5.519506450968579e-05,0.7391436515270345
0.020929687499999995,1.0812628669458122,0.0,468.6416639317229,0.9000053437528762,0.1028060345914446,4.282969865163572e-05,9.697084268118398e-06,0.1435324869515541,8.256873541899436e-05,0.013294902669153303,0.0002160303074100546,5.726131827788108e-05,0.7399581886438213
0.020935546874999995,1.1158944828909692,0.0,484.2321881066026,0.8720738227066419,0.10095312591708054,5.9124591260011774e-05,1.2269904145096629e-05,0.14315081388553938,0.00010319259107466547,0.014687330639992191,0.00022487994737544384,5.8909581296120866e-05,0.7407503529422367
0.020941406249999996,1.152440261223479,0.0,500.6768020453878,0.8444189590980402,0.09907645586010641,8.019285311071134e-05,1.5445894490845958e-05,0.14272148313639704,0.00012668559229370076,0.016169802167361955,0.00023096879686964337,6.012248503457015e-05,0.7415188432143351
0.020947265624999996,1.190785736949876,0.0,517.9261639764849,0.817227183118528,0.09717860889742282,0.00010688883782267102,1.933280002157932e-05,0.14224431160632228,0.000152717552883547,0.01774025179918661,0.0002342801487389537,6.089639941087094e-05,0.7422627119581907
0.020953124999999996,1.2307943002140969,0.0,535.9210335296992,0.7906622322637218,0.09526212422328202,0.0001400620092842489,2.405274773541498e-05,0.14171954856388327,0.00018078567966490165,0.01939588411861844,0.0002349708226731231,6.123871062675099e-05,0.7429813331242319
0.020958984374999996,1.272312588598295,0.0,554.594590669838,0.7648613221005313,0.09332947710727425,0.00018052015067924617,2.9746109995116686e-05,0.14114783026324554,0.0002102634446177548,0.021133307292091095,0.0002333308925590626,6.116514330256652e-05,0.7436743595962354
0.020964843749999997,1.3151762046171336,0.0,573.8749074248724,0.739933421064362,0.0913830618397568,0.00022899610183301633,3.65764786522816e-05,0.14053011232480384,0.00024046736591557707,0.02294867943422638,0.00022973297804561345,6.069757281415617e-05,0.7443416759039524
0.020970703124999997,1.3592152275720164,0.0,593.6873414417706,0.7159594471522402,0.08942517530999067,0.0002861215730904064,4.473630409274265e-05,0.1398675844490574,0.0002707292579859357,0.02483785729618445,0.00022458231829965462,5.986245018032609e-05,0.7449833510411185
0.020976562499999997,1.4042591237920778,0.0,613.9566781261585,0.6929939995899108,0.08745800122334671,0.00035241006679832777,5.445253403136919e-05,0.1391615755219667,0.00030046174013785744,0.02679653845714853,0.00021827566448038207,5.8689733220198275e-05,0.7455995950588699
0.020982421874999997,1.4501408207838091,0.0,634.6089177816636,0.6710681475327106,0.08548359592061666,0.000428249202910488,6.599147718699058e-05,0.13841345882034492,0.00032920812142139713,0.028820389812543937,0.0002111727921747406,5.721212783256037e-05,0.7461907217249684
0.020988281249999997,1.496699857726776,0.0,655.5726678207454,0.6501928063221859,0.08350387738810058,0.0005139012656280038,7.966212483389846e-05,0.13762456659219158,0.00035667252806908996,0.030905156616118784,0.00020358073461091745,5.546446177552856e-05,0.7467571182886715
0.020994140624999998,1.5437846351691886,0.0,676.7801481794855,0.6303623053866291,0.08152061919224365,0.00060950985318455,9.581727148404638e-05,0.13679612127638965,0.0003827305919480542,0.03304674781372854,0.0001957484921437801,5.348308117187097e-05,0.747299222427706
0.020999999999999998,1.5912538562243879,0.0,698.1678485027376,0.6115578539702494,0.0795354507673274,0.0007151101856171722,0.00011485195648039997,0.1359291878696223,0.0004074240836686543,0.03524129505007831,0.00018786904674353107,5.13052283237764e-05,0.7478175058121386
0.021005859374999998,1.6389772861247685,0.0,719.6768910204826,0.5937507136351132,0.07754986487985635,0.000830640794887954,0.00013719897225170476,0.13502464919600493,0.000430944257915452,0.037485184516709215,0.0001800856193309875,4.8968404652746325e-05,0.7483124633583905
0.02101171875,1.6868359665140902,0.0,741.2531575217541,0.5769049738302057,0.07556523237136953,0.0009559547975975319,0.0001633214265005818,0.1340832035522996,0.00045360867336711926,0.0397750625834287,0.0001724997574691218,4.6509742074682815e-05,0.7487846070958931
0.021017578125,1.7347220147901063,0.0,762.8472364936018,0.5609798926789387,0.07358282359775568,0.0010908295454073456,0.00019370258196250124,0.13310538255967275,0.0004758353990088419,0.042107817717868395,0.0001651796317967109,4.3965407843990666e-05,0.7492344635586838
0.0210234375,1.782538124424521,0.0,784.4142404549576,0.5459318098108641,0.07160383543094202,0.0012349740239403371,0.00022883340842187833,0.1320915860205286,0.0004981173475922344,0.044480542402034896,0.0001581676166437749,4.1370061484324236e-05,0.749662573688412
0.021029296875,1.8301968643886717,0.0,805.9135359041086,0.5317156650651844,0.06962942230711622,0.0013880338494405592,0.0002691984502090844,0.13104213003174095,0.0005209983551209239,0.046890479536118,0.00015148674161874644,3.875637465031991e-05,0.7500694943539852
0.02103515625,1.877619857634077,0.0,827.3084204311822,0.5182861706422652,0.06766072959070496,0.0015495940658842456,0.0003152607259718294,0.12995730440468292,0.0005450517444253363,0.04933495819366833,0.00014514592518573803,3.6154619039133125e-05,0.7504558007304375
0.021041015625,1.9247369016667641,0.0,848.5657741740318,0.5055986889343697,0.0656989274509859,0.0017191801771990491,0.00036744642958057685,0.12883743547429533,0.0005708615238902474,0.05181132362114387,0.00013914407765396394,3.3592324392641566e-05,0.7508220889208584
0.021046875,1.971485079455876,0.0,869.6557062948821,0.4936098671929796,0.06374524348926812,0.0018962579789434447,0.0004261301920778334,0.12768295056651618,0.0005990060489959527,0.05431686613802794,0.0001334732376289213,3.109400768402651e-05,0.7511689783408576
0.021052734375,2.017807896489049,0.0,890.5512116668195,0.4822780758740511,0.061800992480828855,0.0020802328039580377,0.0004916216011009367,0.12649444068867882,0.000630043848170923,0.056848753167994585,0.00012812092353483063,2.8680974620603653e-05,0.7514971135111123
0.02105859375,2.06365446963475,0.0,911.2278484790489,0.47156369167513706,0.05986760178653959,0.0022704487877935543,0.0005641535674015997,0.12527271838437118,0.0006645013143147102,0.05940396807785927,0.00012307186913699777,2.6371194597967052e-05,0.7518071650179852
0.021064453125,2.10897878541799,0.0,931.6634439073263,0.46142926002527196,0.05794663122862109,0.0024661887088925105,0.0006438729921316293,0.1240188681363917,0.0007028620292225985,0.061979258865205285,0.00011830928741869283,2.4179249862250207e-05,0.7520998295022542
0.0210703125,2.153739038970992,0.0,951.83783221592,0.4518395657800586,0.05603978650053986,0.0026666748776499136,0.0007308340376496309,0.12273428719575663,0.0007455575755032356,0.06457109905090015,0.00011381578083530411,2.211635835432708e-05,0.752375828622811
0.021076171875,2.197897059927867,0.0,971.732627507268,0.442761635463578,0.05414892548259889,0.0028710714473621697,0.0008249941522027155,0.12142071524736346,0.0007929597706093657,0.06717566242348333,0.00010957399392998027,2.0190467742008386e-05,0.7526359070147081
0.02108203125,2.2414178275879157,0.0,991.3310316576349,0.43416468971900535,0.05227605715072693,0.0030784884067831036,0.0009262128560105217,0.12008025187697452,0.0008453743125542788,0.06978881257081782,0.00010556709150310181,1.840641589516539e-05,0.7528808293187345
0.021087890625,2.2842681045455175,0.0,1010.6172512352938,0.42602024007499506,0.050423332716586666,0.0032879874390785084,0.0010342531924015456,0.11871536107424482,0.0009030358550816517,0.0724061080212181,0.00010177914896745277,1.6766150229477135e-05,0.7531113764021916
0.021093749999999998,2.326399927209342,0.0,1029.5691944647626,0.4183048668354978,0.04859302531995083,0.003498590172971987,0.0011487859511941636,0.11732885957050555,0.0009661046657088576,0.07502282898755569,9.819550095822276e-05,1.5268992924840398e-05,0.75332834083823
0.021099609374999995,2.3677843744132234,0.0,1048.1734230519967,0.41099366290769374,0.046787507870296875,0.0037092879578384925,0.0012693971313219611,0.11592389549226302,0.0010346655016071332,0.07763401057923415,9.48020641986508e-05,1.3911938605097748e-05,0.7535325214646346
0.021105468749999995,2.4083950402845886,0.0,1066.417845115237,0.4040634175940675,0.045009230103920855,0.003919052037751216,0.0013955960796587074,0.11450391959231464,0.0011087281736259069,0.0802344803254809,9.158560207496193e-05,1.268999158501801e-05,0.7537247180935878
0.021111328124999995,2.448207978536524,0.0,1084.2916875518029,0.3974924902942245,0.04326068673914121,0.00412684535839848,0.001526825368307783,0.11307264362297455,0.0011882301963756317,0.08281891227474462,8.853379857763413e-05,1.159651463915409e-05,0.7539057261268409
0.021117187499999995,2.4872016763842986,0.0,1101.7854766860771,0.391260688144738,0.04154438246629795,0.004331635106357602,0.0016624718061613666,0.11163399072426826,0.0012730414149795496,0.08538188850245218,8.563519352523633e-05,1.0623582676717927e-05,0.7540763312032811
0.021128906249999996,2.5627002390011615,0.0,1135.6189517223752,0.3797338948803369,0.03821483740058549,0.004729291672593404,0.0019450394145068327,0.10874632056470239,0.0014579762841174537,0.09042854635726034,8.02620236288937e-05,9.010868322617504e-06,0.7543887154142825
0.021140624999999996,2.6348299357264446,0.0,1167.8966107863257,0.3693384662074553,0.035041632180449846,0.005103279260602944,0.002236873570445504,0.10587794357601969,0.001660751365895377,0.09532877479820083,7.538438509716868e-05,7.756066270848132e-06,0.7546676047970178
0.021152343749999997,2.703518045403425,0.0,1198.5925108045942,0.359954673340081,0.032041403006855866,0.005446815469666968,0.0025322865898503326,0.10306101387133867,0.0018783970755482482,0.100043991645382,7.094723421292768e-05,6.784179483194096e-06,0.7549183609276618
0.021164062499999997,2.768733056809834,0.0,1227.7006936357132,0.3514762343907335,0.029227636664147287,0.005754331103313106,0.0028256930452077284,0.100325599594267,0.0021074331527399545,0.10454051332690394,6.690329809375517e-05,6.0261519247068775e-06,0.7551458636634025
0.021175781249999998,2.830482984623837,0.0,1255.233706258181,0.34380838746600234,0.02661000289272756,0.0060216809475521415,0.0031118853275485226,0.09769824499214823,0.0023441367284385973,0.10879096679541188,6.321284176717558e-05,5.42357353644614e-06,0.7553544459008694
0.021187499999999998,2.888812479988018,0.0,1281.2206360760708,0.3368663519017374,0.024194011635893083,0.006246238480599379,0.0033862408060176753,0.09520094819011467,0.002584781619399414,0.11277514298932041,5.984203605862035e-05,4.9308672167918676e-06,0.75554786337538
0.02119921875,2.943798787945105,0.0,1305.704738247286,0.33057410905315104,0.02198099384398947,0.006426876893372629,0.0036448591568536124,0.09285059158159698,0.0028258337198560158,0.11648027311764031,5.6761445298678154e-05,4.515175413158634e-06,0.7557292950659791
0.0212109375,2.9955468130682705,0.0,1328.740801705574,0.3248634294977256,0.01996836383224924,0.00656385300767344,0.0038846347466653117,0.09065880044666398,0.0030640949828656897,0.11990078554192345,5.3944906784439776e-05,4.154554824252504e-06,0.7559013679803501
0.02122265625,3.0441836552161914,0.0,1350.3924237195192,0.31967308130055855,0.018150095561750755,0.0066586194640646515,0.0041032729821877546,0.08863216174261038,0.0032967954950698826,0.12303765110368282,5.1368772380228094e-05,3.835310973331001e-06,0.7560661995672803
0.021234375,3.0898529957617495,0.0,1370.729353805019,0.3149481663982716,0.016517335040155918,0.006713593718397232,0.004299261548861786,0.08677271155189224,0.003521638580233004,0.12589744754004467,4.90114153577873e-05,3.5492664337592724e-06,0.7562254513386237
0.02124609375,3.132709675443961,0.0,1389.8250388643362,0.3106395452937704,0.015059073741421285,0.006731910910258586,0.004471807905945091,0.08507859437018767,0.003736807178166123,0.12849127334453198,4.685291321140022e-05,3.29150297266494e-06,0.7563803881333052
0.0212578125,3.1729147318228126,0.0,1407.754463060998,0.30670332215900553,0.01376281941939281,0.00671718309687065,0.004620753753751535,0.08354480563516575,0.003940940967163191,0.13083362493773318,4.48748460433411e-05,3.0587923776705926e-06,0.7565319385515018
0.02126953125,3.2106310777082476,0.0,1424.5923364310293,0.3031003722178512,0.012615216629286403,0.0066732812971723315,0.004746475822716295,0.08216394528092634,0.004133093208321713,0.13294132567994474,4.30601739632544e-05,2.8486718767180256e-06,0.7566807532357923
0.021281249999999998,3.2460199184638894,0.0,1440.4116516098795,0.29979590059846994,0.011602586052421177,0.00660415061079903,0.004849780517858927,0.0809269299227153,0.004312674551422139,0.1348325674363484,4.139316556793536e-05,2.6589900281289228e-06,0.756827258752839
0.021292968749999995,3.279237937757761,0.0,1455.2826023885505,0.2967590266856974,0.01071136682278876,0.006513663299741122,0.004931797824000814,0.07982363113505216,0.0044793883842963724,0.1365260997030687,3.985933212403786e-05,2.4877311903642265e-06,0.7569717057677378
0.021304687499999996,3.310435236928873,0.0,1469.2718439961097,0.29396239041424316,0.009928458085167976,0.006405510672394458,0.004993877447143228,0.07884342534708912,0.004633158785279536,0.13804058050719595,3.844521187052775e-05,2.3329677316469924e-06,0.7571142109761274
0.021328124999999996,3.3672258609198593,0.0,1494.8072686915054,0.28900450893849255,0.008649237042939793,0.006146581469261063,0.005062801414480948,0.07721893143956803,0.004902234298192464,0.14058877858227414,3.59340022520373e-05,2.0671421739849126e-06,0.7573934346088576
0.021351562499999997,3.417867719419436,0.0,1517.654383396739,0.2847223891337435,0.00766203533890794,0.00585402528137585,0.005072990068190628,0.07594073489903883,0.005125487302055803,0.1426452833166284,3.375568450058873e-05,1.846916835841421e-06,0.7576638411924662
0.021374999999999998,3.4632382101251324,0.0,1538.1930828152022,0.28099235835900466,0.006896418037992131,0.005545410729688716,0.005036919050768161,0.07493724566628715,0.005307623318535272,0.14431781622399148,3.184624321739361e-05,1.6632683867858089e-06,0.7579250574611328
0.0213984375,3.504080783681076,0.0,1556.743623645833,0.27771719406497414,0.006296766730968016,0.00523350318632401,0.004965876439533568,0.07414833763538764,0.005453643871271493,0.1456936214169377,3.015465137708146e-05,1.5088922823296523e-06,0.7581765871759181
0.021421875,3.5410186046300245,0.0,1573.5737942222272,0.27482021499594506,0.00582039835373561,0.004927070220675336,0.004869481373553239,0.07352536269054938,0.005568452162807717,0.14684119985816277,2.864108941416634e-05,1.3780668553521052e-06,0.7584180161842463
0.0214453125,3.574571259551682,0.0,1588.906823779469,0.2722406226140502,0.005435236732174607,0.004631771676932693,0.004755573373664427,0.07302999195623645,0.005656604079741067,0.14781318181627942,2.727467349803157e-05,1.2663360673754617e-06,0.7586490993554059
0.021468749999999998,3.605171308950232,0.0,1602.928835774995,0.2699298958266417,0.005117541494332985,0.004350971374456776,0.004630323705760722,0.07263259107225065,0.005722180687717301,0.14864941257094866,2.603145114419867e-05,1.1702157898129926e-06,0.7588697774275991
0.021492187499999996,3.6331791713704322,0.0,1615.7953485019582,0.2678490324660839,0.004849929475918287,0.00408640656446182,0.004498456026790759,0.07231054500282252,0.005768745521858011,0.14937978013356384,2.4892764393489564e-05,1.0869619161189415e-06,0.7590801575482751
0.021515624999999997,3.658895796896412,0.0,1627.6366975465744,0.26596645248489725,0.0046197615828421105,0.0038387058841742095,0.004363502931780876,0.07204673989520548,0.005799355684880463,0.15002659696904974,2.3843965066869787e-05,1.0143957682006815e-06,0.7592804786912322
0.021539062499999997,3.6825730924626683,0.0,1638.5624303981092,0.26425640965432456,0.004417883088402234,0.0036077718538659255,0.00422805800154593,0.07182827879575573,0.005816605478481454,0.15060650478728252,2.2873428511390213e-05,9.507740042364973e-07,0.7594710737921506
0.0215625,3.7044222777258597,0.0,1648.6647829015064,0.26269779162748597,0.004237668854026027,0.0033930518304697813,0.004094008443039241,0.07164543170497759,0.005822692324965249,0.15113194625665186,2.1971823350816955e-05,8.94682001430992e-07,0.759652334080518
0.021609375,3.7431865966767095,0.0,1666.6401065759776,0.2599773054917705,0.003927670998360325,0.0030096061233577664,0.0038342306746118604,0.07136409686081592,0.005807104456105226,0.15204793126397442,2.0353271956854754e-05,8.009600284059525e-07,0.7599882053907893
0.02165625,3.776970465966935,0.0,1682.348657378718,0.2576518894857433,0.0036607494182523243,0.002678883029552021,0.0035898519719575945,0.07115102998806752,0.005766556832854353,0.1528412818727299,1.8921261993631506e-05,7.252937292010777e-07,0.7602920003308635
0.021703124999999997,3.8066393624599044,0.0,1696.176694629803,0.2556437567281083,0.003424492164419508,0.0023931355374284275,0.003362603244301207,0.07098505108068452,0.005708263690821142,0.1535407337682568,1.7644067211027924e-05,6.631336497850311e-07,0.7605674133132276
0.02175,3.8328631760284875,0.0,1708.425020265537,0.25389468683258015,0.003211753436175455,0.002145448293073325,0.0031525400697204995,0.07085306827442864,0.0056373662483463404,0.1541649424912193,1.649757773695337e-05,6.11252813566064e-07,0.760817772356486
0.021796875,3.8561680282303046,0.0,1719.3311287868498,0.25236026958657476,0.003018161267457613,0.0019299250606305471,0.0029589030644733764,0.07074668153702424,0.005557561515588985,0.1547267235467101,1.5463052059437393e-05,5.673381213056108e-07,0.7610460136179344
0.02184375,3.8769713750806747,0.0,1729.0843363237873,0.2510061373779692,0.0028408404157031406,0.0017416400435391543,0.002780587241782904,0.07066029268852062,0.005471547013938137,0.15523533870361375,1.4525592868226113e-05,5.297032346818867e-07,0.7612546985967994
0.021890624999999997,3.8956060315905807,0.0,1737.8362194243357,0.2498054493256252,0.0026777572967533973,0.001576508378009031,0.002616393089571476,0.07059004582915092,0.005381331592378955,0.15569774439543443,1.3673132853469178e-05,4.971008947515848e-07,0.7614460491849537
0.0219375,3.9123362877176087,0.0,1745.7076315818,0.2487372118133679,0.0025273895431454224,0.0014311317048801646,0.0024651835858632543,0.07053318362860483,0.005288507214978765,0.15611925712811162,1.2895718023706909e-05,4.6860093906474166e-07,0.761621982875453
0.02203125,3.940712116528569,0.0,1759.0963490632337,0.24694613522377706,0.00226127495900131,0.0011907881841255303,0.0021990614379686015,0.07045265554133337,0.005100096599103713,0.15685156082166857,1.15456287852245e-05,4.2149194981796333e-07,0.7619325953360637
0.022125,3.964402662519845,0.0,1770.3000220211427,0.2454704316295626,0.0020313848996156045,0.0009995223629389565,0.001970278513730013,0.07039923878653931,0.004912125909134878,0.15747772737530752,1.0393524584904777e-05,3.8331499677172513e-07,0.762198945313152
0.02221875,3.9843856774443545,0.0,1779.769817990078,0.24423931709075355,0.0018318047551064871,0.0008456578382403048,0.0017727137973914983,0.07036530627657128,0.004727996588856963,0.15801771157109798,9.402926157105657e-06,3.5165406026959535e-07,0.7624290545925181
0.0223125,4.001384980291812,0.0,1787.8409410626343,0.24320170261581328,0.0016578354367978241,0.0007207040423134257,0.0016013423842187189,0.07034563579086575,0.004549862266572725,0.1584865589518203,8.545711455207956e-06,3.249091579888619e-07,0.762629190506798
0.02240625,4.015940892590393,0.0,1794.7645954994216,0.242320210487327,0.0015056730085566815,0.0006183879606402671,0.0014520881904245373,0.07033662262231093,0.004379009125348856,0.15889579366258672,7.800012168871627e-06,3.019848736235946e-07,0.7628043234330895
0.0225,4.028451957993136,0.0,1800.727025609384,0.24156764293519417,0.0013722377188967532,0.0005339902812344768,0.0013216743873036758,0.0703358266352149,0.004216268111563109,0.15925412537881367,7.1485252062695305e-06,2.8211741152786666e-07,0.7629584468443555
0.0226875,4.048166371408783,0.0,1810.1561270455602,0.2403912183501597,0.0011544793924324617,0.00040747278005550525,0.0011102783350992516,0.07035233246477739,0.0039205911837607195,0.15983514304383123,6.093968601208107e-06,2.4995298933077455e-07,0.7632133588784529
0.022875,4.063608932362669,0.0,1817.557865302296,0.23947768183540044,0.0009815405886140483,0.00031667393352247217,0.0009429724402302752,0.07037903851921713,0.003654594028965379,0.16030207066229973,5.255773095822509e-06,2.2407463475875324e-07,0.7634176299794204
0.0230625,4.07591932826151,0.0,1823.469055015486,0.23875439352340908,0.000842641503009332,0.00025020902118028495,0.0008090422161236565,0.07041061827728691,0.0034162128303141387,0.16068284565472038,4.581731814980142e-06,2.0279122444642779e-07,0.7635836459743258
0.02325,4.085881486337278,0.0,1828.2601240230888,0.23817226476035516,0.0007299684051970814,0.00020069599893142613,0.00070068410568748,0.07044400009083325,0.0032029548612268802,0.16099724192982284,4.034085896775484e-06,1.8499773030092547e-07,0.763720235524674
0.0234375,4.094044113485634,0.0,1832.191178018364,0.2376974013519791,0.000637767127095561,0.0001632387867583784,0.0006121895929205236,0.0704774333451419,0.0030122803264775186,0.1612595203852878,3.585251281920844e-06,1.699387216614684e-07,0.7638338152463147
0.023625,4.100787523286218,0.0,1835.443353142059,0.23730652730022045,0.0005617764362811891,0.00013452180415278548,0.0005393686494250065,0.07051000672147938,0.002841955356570902,0.16147986957266192,3.214825912056303e-06,1.5708674214815575e-07,0.7639291295467746
0.024,4.11070934547263,0.0,1840.2441323490223,0.23673375164936333,0.00044936493172496677,9.587168634703346e-05,0.0004319006706309761,0.07056957225346339,0.0025623277297697534,0.16181252182647196,2.6677844704717375e-06,1.3713455114059072e-07,0.7640756359825703
0.024375,4.118096324191311,0.0,1843.822926076599,0.23630910198829663,0.00036755749328866113,7.076009706981336e-05,0.00035372577084186293,0.07062175304967663,0.0023321556455927527,0.1620655659802361,2.269643081177529e-06,1.216235900992333e-07,0.7641860906966229
0.02475,4.123741491240282,0.0,1846.5605234200098,0.2359856080741789,0.00030665215305642445,5.3860429419945426e-05,0.00029555004866278994,0.07066688610869469,0.0021411836307290407,0.1622624644256392,1.9744190129555595e-06,1.0936168718903038e-07,0.7642713194230977
0.025125,4.128149740284669,0.0,1848.6998792250672,0.2357336104024706,0.0002604079157302138,4.2133156644622706e-05,0.00025137929340270885,0.07070574002148089,0.0019815716282812054,0.16241856163160046,1.7519245862571708e-06,9.954330102129262e-08,0.7643383548849727
0.025500000000000002,4.131647454622303,0.0,1850.3984597184913,0.2355340460669133,0.00022472107863215704,3.378269335035453e-05,0.00021729289305888417,0.07073915805076965,0.0018474648084088425,0.16254403914123494,1.582052432686739e-06,9.161154798202326e-08,0.7643918676705647
0.026250000000000002,4.136460503030888,0.0,1852.7407064720032,0.23525998624312236,0.0001769842368613039,2.3641701428863647e-05,0.00017164300061657797,0.07079034296320111,0.0016482391176306167,0.1627200449014852,1.359350059338478e-06,8.043026656753668e-08,0.7644676642984505
0.027,4.139861559479463,0.0,1854.3965967699746,0.2350667109302375,0.00014491911121973028,1.7554658038777783e-05,0.0001409695467505163,0.0708296577476586,0.0014978509446667459,0.16284633556825595,1.214734930862649e-06,7.251420560206555e-08,0.7645214251742732
0.028499999999999998,4.143809677050678,0.0,1856.321415821681,0.23484274519582454,0.00010970297148072388,1.1609262074020581e-05,0.00010717626539592973,0.0708795700240296,0.0013101926269672558,0.16299560011933614,1.064314143099331e-06,6.341559432756238e-08,0.7645850210009788
0.03,4.14621643405667,0.0,1857.4949366493768,0.23470642587338075,8.965150403324044e-05,8.614849769672566e-06,8.79239923475899e-05,0.07091206564252245,0.0011890474878639952,0.16308784583288888,9.85511425045951e-07,5.8093922136047056e-08,0.7646238070852269
0.033,4.148453654667973,0.0,1858.5864181694656,0.23457985108345775,7.213388824210943e-05,6.2534126063592465e-06,7.103892868413233e-05,0.07094401623456123,0.0010707320672111765,0.16317466866880154,9.233662529321192e-07,5.34190086529676e-08,0.7646601800146318
0.036,4.149536455940642,0.0,1859.1147113408415,0.23451863871372963,6.410367922965473e-05,5.258875008745478e-06,6.328648863355512e-05,0.07096005428162876,0.0010115102240202522,0.16321704167944676,8.979515571854174e-07,5.130566591411237e-08,0.7646777955148092
0.041999999999999996,4.150246461791402,0.0,1859.4612257493504,0.23447851840239373,5.901010321097805e-05,4.6578469086056e-06,5.835291078019192e-05,0.07097082222414804,0.000971833145984242,0.16324498344852134,8.831470951582408e-07,4.998648382960994e-08,0.7646894071868677
0.048,4.150482177428671,0.0,1859.576253496294,0.23446520185972308,5.735378033269229e-05,4.467609259618321e-06,5.674582534718862e-05,0.07097443309179148,0.0009585355540451977,0.1632542797461151,8.785903901267727e-07,4.956288295633805e-08,0.7646932562398358
0.06,4.150482177428516,0.0,1859.576253496294,0.2344652018597359,5.735378033269543e-05,4.467609259618559e-06,5.6745825347191713e-05,0.07097443309179535,0.00095853555404525,0.163254279746124,8.785903901268207e-07,4.9562882956340756e-08,0.7646932562398228
